{
  "AsyncTests": {
    "0": 3.0034,
    "1": 3.0856000000000003,
    "2": 2.847,
    "3": 2.6870000000000003,
    "4": 1.3229,
    "5": 2.7234000000000003,
    "6": 1.6577000000000002,
    "7": 2.3268,
    "8": 1.933,
    "9": 1.274,
    "10": 1.9485000000000001,
    "11": 1.5112,
    "12": 1.4839,
    "13": 2.1454,
    "14": 1.9215,
    "15": 2.2116000000000002,
    "16": 2.1752000000000002,
    "17": 1.5521,
    "18": 1.5808,
    "19": 1.5703,
    "20": 1.9903000000000002,
    "21": 1.6259000000000001,
    "22": 1.2104000000000001,
    "23": 2.463,
    "24": 3.4203,
    "25": 1.8707,
    "26": 1.6152,
    "27": 1.2327000000000001,
    "28": 1.4851,
    "29": 1.6334000000000002,
    "30": 1.5369000000000002,
    "31": 1.5576,
    "32": 1.9832,
    "33": 2.2536,
    "34": 2.1776,
    "35": 2.66,
    "36": 1.8418,
    "37": 1.6304,
    "38": 2.4021,
    "39": 1.3164,
    "40": 2.2265,
    "41": 2.1163000000000003,
    "42": 2.3318000000000003,
    "43": 1.6083,
    "44": 1.3312000000000002,
    "45": 1.8594000000000002,
    "46": 1.3409,
    "47": 1.5225,
    "48": 1.2610000000000001,
    "49": 1.6698000000000002,
    "50": 2.1339,
    "51": 2.3836,
    "52": 3.3905000000000003,
    "53": 3.5645000000000002,
    "54": 1.9341000000000002,
    "55": 1.4156,
    "56": 1.4328,
    "57": 1.6093000000000002,
    "58": 1.3409,
    "59": 1.6397000000000002,
    "60": 1.3346,
    "61": 1.6236000000000002,
    "62": 1.6993,
    "63": 1.4896,
    "64": 1.2808000000000002,
    "65": 1.7946000000000002,
    "66": 1.8001,
    "67": 1.9843000000000002,
    "68": 1.7161000000000002,
    "69": 1.2574,
    "70": 1.5048000000000001,
    "71": 1.4887000000000001,
    "72": 1.2747000000000002,
    "73": 1.6178000000000001,
    "74": 2.0273,
    "75": 2.0222,
    "76": 1.9411,
    "77": 1.2369,
    "78": 1.7474,
    "79": 1.4080000000000001,
    "80": 2.7913,
    "81": 1.9636,
    "82": 1.2908000000000002,
    "83": 1.3437000000000001,
    "84": 1.2665,
    "85": 1.6899000000000002,
    "86": 1.3130000000000002,
    "87": 1.5689000000000002,
    "88": 1.3074000000000001,
    "89": 1.4571,
    "90": 1.2746,
    "91": 1.3066,
    "92": 1.8648,
    "93": 1.4932,
    "94": 1.3714000000000002,
    "95": 1.5676,
    "96": 1.9599000000000002,
    "97": 2.0125,
    "98": 2.3306,
    "99": 2.2629
  }
}