{
  "AsyncTests": {
    "0": 1.6394,
    "1": 1.4925000000000002,
    "2": 1.6136000000000001,
    "3": 1.7026000000000001,
    "4": 1.6014000000000002,
    "5": 1.9547,
    "6": 1.6600000000000001,
    "7": 1.621,
    "8": 1.5088000000000001,
    "9": 1.4534,
    "10": 1.4946000000000002,
    "11": 1.7955,
    "12": 1.7417,
    "13": 1.5676,
    "14": 1.9112,
    "15": 1.609,
    "16": 1.5233,
    "17": 1.9841000000000002,
    "18": 1.7719,
    "19": 1.6535,
    "20": 1.6595,
    "21": 2.0013,
    "22": 1.7083000000000002,
    "23": 1.6671,
    "24": 1.9188,
    "25": 1.6004,
    "26": 1.506,
    "27": 1.5153,
    "28": 1.5906,
    "29": 1.5201,
    "30": 1.6293,
    "31": 1.6713,
    "32": 1.5291000000000001,
    "33": 1.5986,
    "34": 1.6225,
    "35": 2.2324,
    "36": 1.7281000000000002,
    "37": 1.7329,
    "38": 1.6996,
    "39": 1.9806000000000001,
    "40": 1.6295000000000002,
    "41": 1.5068000000000001,
    "42": 2.0491,
    "43": 1.6951,
    "44": 1.5130000000000001,
    "45": 1.7074,
    "46": 1.7181000000000002,
    "47": 1.6063,
    "48": 1.5923,
    "49": 2.5345,
    "50": 1.8937000000000002,
    "51": 1.7631000000000001,
    "52": 2.1038,
    "53": 1.6292,
    "54": 1.7437,
    "55": 1.7159,
    "56": 2.007,
    "57": 1.6717000000000002,
    "58": 1.5169000000000001,
    "59": 1.6714,
    "60": 1.6661000000000001,
    "61": 1.5525,
    "62": 1.6775,
    "63": 1.988,
    "64": 1.7428000000000001,
    "65": 1.5865,
    "66": 2.5742000000000003,
    "67": 1.8548,
    "68": 1.6377000000000002,
    "69": 2.1087000000000002,
    "70": 1.7914,
    "71": 1.6699000000000002,
    "72": 2.3017000000000003,
    "73": 2.3141000000000003,
    "74": 2.5979,
    "75": 1.7366000000000001,
    "76": 1.9576,
    "77": 1.4526000000000001,
    "78": 2.0059,
    "79": 1.5712000000000002,
    "80": 1.9602000000000002,
    "81": 1.5862,
    "82": 2.8201,
    "83": 2.1951,
    "84": 2.5737,
    "85": 1.8250000000000002,
    "86": 1.611,
    "87": 2.202,
    "88": 1.5083,
    "89": 1.6555,
    "90": 2.0419,
    "91": 1.6576000000000002,
    "92": 1.5927,
    "93": 1.4926000000000001,
    "94": 1.5235,
    "95": 1.5973000000000002,
    "96": 1.5165000000000002,
    "97": 1.5215,
    "98": 1.5438,
    "99": 1.9853
  }
}