{
  "CoroutineTests": {
    "0": 1.7741,
    "1": 1.6356000000000002,
    "2": 1.6543,
    "3": 1.4801,
    "4": 1.4412,
    "5": 1.6393,
    "6": 1.5057,
    "7": 1.5902,
    "8": 1.504,
    "9": 1.8193000000000001,
    "10": 1.6923000000000001,
    "11": 1.5984,
    "12": 1.6363,
    "13": 1.5445,
    "14": 1.5458,
    "15": 1.5194,
    "16": 1.4586000000000001,
    "17": 1.6442,
    "18": 1.5449000000000002,
    "19": 1.5094,
    "20": 2.0740000000000003,
    "21": 1.6146,
    "22": 1.5447000000000002,
    "23": 1.5292000000000001,
    "24": 1.5994000000000002,
    "25": 1.4665000000000001,
    "26": 1.5965,
    "27": 1.4681,
    "28": 1.5354,
    "29": 1.4583000000000002,
    "30": 1.6665,
    "31": 1.5866,
    "32": 1.8195000000000001,
    "33": 1.5795000000000001,
    "34": 1.5155,
    "35": 1.476,
    "36": 1.5809,
    "37": 1.479,
    "38": 1.5271000000000001,
    "39": 1.5601,
    "40": 1.7252,
    "41": 1.5567,
    "42": 1.5926,
    "43": 2.0702000000000003,
    "44": 1.6580000000000001,
    "45": 1.6267,
    "46": 1.6707,
    "47": 1.9001000000000001,
    "48": 1.5304,
    "49": 1.5834000000000001,
    "50": 1.9580000000000002,
    "51": 1.6068,
    "52": 1.5564,
    "53": 1.5682,
    "54": 2.0398,
    "55": 1.8957000000000002,
    "56": 3.4264,
    "57": 2.7353,
    "58": 1.5205,
    "59": 2.055,
    "60": 1.6936,
    "61": 1.518,
    "62": 1.5262,
    "63": 1.6793,
    "64": 1.4819,
    "65": 1.4417,
    "66": 1.7268000000000001,
    "67": 1.9938,
    "68": 1.5089000000000001,
    "69": 1.5278,
    "70": 1.7112,
    "71": 1.4682000000000002,
    "72": 1.4992,
    "73": 1.5617,
    "74": 1.6952,
    "75": 1.5176,
    "76": 1.597,
    "77": 2.0982000000000003,
    "78": 2.1176,
    "79": 1.6702000000000001,
    "80": 1.6585,
    "81": 1.9864000000000002,
    "82": 1.4827000000000001,
    "83": 1.4337,
    "84": 1.5349000000000002,
    "85": 1.5825,
    "86": 1.7208,
    "87": 1.4931,
    "88": 1.5625,
    "89": 1.6102,
    "90": 1.5231000000000001,
    "91": 1.4633,
    "92": 1.5324,
    "93": 1.5463,
    "94": 1.4875,
    "95": 1.4689,
    "96": 1.7176,
    "97": 1.7414,
    "98": 1.4360000000000002,
    "99": 1.5018
  }
}