{
  "CoroutineTests": {
    "0": 1.3509,
    "1": 1.6965000000000001,
    "2": 1.2611,
    "3": 1.7909000000000002,
    "4": 1.5258,
    "5": 1.9831,
    "6": 1.8920000000000001,
    "7": 1.6968,
    "8": 1.9491,
    "9": 1.4421000000000002,
    "10": 1.3103,
    "11": 1.2970000000000002,
    "12": 1.8173000000000001,
    "13": 1.2325000000000002,
    "14": 1.3099,
    "15": 1.2414,
    "16": 1.6689,
    "17": 2.1174,
    "18": 1.7342000000000002,
    "19": 1.3601,
    "20": 1.7202000000000002,
    "21": 1.2439,
    "22": 1.3596000000000001,
    "23": 1.3114000000000001,
    "24": 1.3594000000000002,
    "25": 1.3474000000000002,
    "26": 1.3362,
    "27": 1.2951000000000001,
    "28": 1.3621,
    "29": 1.7106000000000001,
    "30": 2.5083,
    "31": 2.2754000000000003,
    "32": 2.1834000000000002,
    "33": 1.3061,
    "34": 1.2587000000000002,
    "35": 1.4661000000000002,
    "36": 1.5670000000000002,
    "37": 1.3188,
    "38": 1.5121,
    "39": 1.8128000000000002,
    "40": 1.2597,
    "41": 1.4838,
    "42": 1.3516000000000001,
    "43": 1.3977000000000002,
    "44": 1.2964,
    "45": 1.5797,
    "46": 1.2884,
    "47": 1.6052000000000002,
    "48": 1.8942,
    "49": 1.6017000000000001,
    "50": 1.4755,
    "51": 1.6113000000000002,
    "52": 2.0411,
    "53": 3.0877000000000003,
    "54": 2.5287,
    "55": 1.6557000000000002,
    "56": 1.2495,
    "57": 1.6400000000000001,
    "58": 2.2499000000000002,
    "59": 2.1299,
    "60": 1.4122000000000001,
    "61": 1.3315000000000001,
    "62": 1.3479,
    "63": 1.2778,
    "64": 1.5561,
    "65": 1.4264000000000001,
    "66": 1.5103,
    "67": 1.4176,
    "68": 1.3376000000000001,
    "69": 1.3646,
    "70": 1.3002,
    "71": 1.3992,
    "72": 1.9645000000000001,
    "73": 2.4523,
    "74": 2.0467,
    "75": 1.4889000000000001,
    "76": 1.3683,
    "77": 1.4591,
    "78": 1.3778000000000001,
    "79": 1.3699000000000001,
    "80": 1.2675,
    "81": 1.2837,
    "82": 1.4674,
    "83": 1.2239,
    "84": 1.2952000000000001,
    "85": 1.3848,
    "86": 1.4240000000000002,
    "87": 1.3124,
    "88": 1.2777,
    "89": 1.2699,
    "90": 1.6927,
    "91": 1.4111,
    "92": 1.4513,
    "93": 1.7354,
    "94": 1.9304000000000001,
    "95": 1.5301,
    "96": 1.3421,
    "97": 1.4384000000000001,
    "98": 1.3255000000000001,
    "99": 1.2819
  }
}