{
  "SimpleAsync": {
    "0": 1.6206,
    "1": 1.7871000000000001,
    "2": 1.5704,
    "3": 1.4526000000000001,
    "4": 1.5298,
    "5": 1.5705,
    "6": 1.5404,
    "7": 1.3707,
    "8": 2.1092,
    "9": 1.6894,
    "10": 1.6219000000000001,
    "11": 1.456,
    "12": 1.405,
    "13": 1.5286000000000002,
    "14": 1.4272,
    "15": 1.4731,
    "16": 1.5287000000000002,
    "17": 1.6264,
    "18": 1.4864000000000002,
    "19": 1.4587,
    "20": 1.6166,
    "21": 1.6360000000000001,
    "22": 1.5383,
    "23": 1.6552,
    "24": 1.5301,
    "25": 1.5385,
    "26": 1.5026000000000002,
    "27": 1.6024,
    "28": 1.6972,
    "29": 1.6074000000000002,
    "30": 1.5255,
    "31": 1.478,
    "32": 1.4946000000000002,
    "33": 1.4874,
    "34": 1.4759,
    "35": 1.5539,
    "36": 1.8231000000000002,
    "37": 1.5778,
    "38": 1.5724,
    "39": 1.9386,
    "40": 1.5755000000000001,
    "41": 1.4674,
    "42": 1.4398,
    "43": 1.5021,
    "44": 1.5284,
    "45": 1.5745,
    "46": 1.5301,
    "47": 1.8721,
    "48": 1.6399000000000001,
    "49": 1.5533000000000001,
    "50": 1.597,
    "51": 1.8919000000000001,
    "52": 1.5269000000000001,
    "53": 1.5579,
    "54": 1.721,
    "55": 1.8874000000000002,
    "56": 1.5344,
    "57": 1.4272,
    "58": 1.8431000000000002,
    "59": 1.8363,
    "60": 2.2713,
    "61": 1.8391000000000002,
    "62": 2.2006,
    "63": 1.7204000000000002,
    "64": 1.5996000000000001,
    "65": 1.6889,
    "66": 1.5739,
    "67": 1.6812,
    "68": 2.0923000000000003,
    "69": 1.603,
    "70": 1.9309,
    "71": 1.8559,
    "72": 1.6839000000000002,
    "73": 1.5894000000000001,
    "74": 1.7168,
    "75": 2.2150000000000003,
    "76": 2.3393,
    "77": 1.8977000000000002,
    "78": 2.0159000000000002,
    "79": 1.6059,
    "80": 1.4932,
    "81": 1.6599000000000002,
    "82": 1.4652,
    "83": 1.4707000000000001,
    "84": 1.3403,
    "85": 1.7508000000000001,
    "86": 1.5787,
    "87": 1.4426,
    "88": 1.4696,
    "89": 1.6119,
    "90": 1.4956,
    "91": 1.4234,
    "92": 1.4258000000000002,
    "93": 1.6049,
    "94": 1.5385,
    "95": 1.7748000000000002,
    "96": 1.7767000000000002,
    "97": 1.7112,
    "98": 1.5158,
    "99": 1.417
  }
}