{
  "SimpleUniTask": {
    "0": 1.5973000000000002,
    "1": 1.6605,
    "2": 1.6931,
    "3": 1.6633,
    "4": 1.7386000000000001,
    "5": 1.824,
    "6": 1.7675,
    "7": 2.0823,
    "8": 1.8641,
    "9": 1.5484,
    "10": 1.5949,
    "11": 1.7327000000000001,
    "12": 2.182,
    "13": 1.6212,
    "14": 1.5306000000000002,
    "15": 1.5245,
    "16": 1.5118,
    "17": 1.5789,
    "18": 1.635,
    "19": 1.5651000000000002,
    "20": 1.5974000000000002,
    "21": 1.6026,
    "22": 1.5503,
    "23": 1.5304,
    "24": 1.4773,
    "25": 1.6851,
    "26": 1.5718,
    "27": 1.5623,
    "28": 1.5458,
    "29": 1.5927,
    "30": 1.671,
    "31": 1.5592000000000001,
    "32": 2.1356,
    "33": 1.6228,
    "34": 1.5063,
    "35": 1.536,
    "36": 1.5081,
    "37": 1.5764,
    "38": 1.4603000000000002,
    "39": 1.6487,
    "40": 1.8285,
    "41": 1.6017000000000001,
    "42": 1.5522,
    "43": 1.9456,
    "44": 1.7107,
    "45": 1.4104,
    "46": 1.5262,
    "47": 1.5789,
    "48": 1.5321,
    "49": 1.5061,
    "50": 2.4648000000000003,
    "51": 1.5713000000000001,
    "52": 1.4834,
    "53": 1.5461,
    "54": 1.6007,
    "55": 1.5204,
    "56": 1.4939,
    "57": 1.6117000000000001,
    "58": 1.7687000000000002,
    "59": 1.9091,
    "60": 2.0036,
    "61": 2.1414,
    "62": 1.693,
    "63": 1.5786,
    "64": 1.4209,
    "65": 1.8628,
    "66": 1.5409000000000002,
    "67": 1.459,
    "68": 1.6388,
    "69": 1.6151,
    "70": 1.5377,
    "71": 1.6014000000000002,
    "72": 1.9705000000000001,
    "73": 1.6673,
    "74": 1.593,
    "75": 1.6017000000000001,
    "76": 1.9377000000000002,
    "77": 1.5546,
    "78": 1.6719000000000002,
    "79": 2.5619,
    "80": 2.2846,
    "81": 1.8138,
    "82": 1.9066,
    "83": 2.2393,
    "84": 1.7515,
    "85": 1.7724,
    "86": 1.9408,
    "87": 1.5423,
    "88": 1.4433,
    "89": 1.6401000000000001,
    "90": 1.5766,
    "91": 1.4988000000000001,
    "92": 1.4733,
    "93": 1.4858,
    "94": 1.5116,
    "95": 1.4835,
    "96": 1.5879,
    "97": 1.5648,
    "98": 1.6189,
    "99": 1.5212
  }
}