{
  "SimpleCoroutine": {
    "0": 1.7843,
    "1": 2.1477,
    "2": 2.0374,
    "3": 2.1386000000000003,
    "4": 1.6635,
    "5": 2.3516,
    "6": 2.3091,
    "7": 1.5779,
    "8": 2.2454,
    "9": 1.8518000000000001,
    "10": 1.7959,
    "11": 2.3155,
    "12": 1.7137,
    "13": 2.0042,
    "14": 2.1462,
    "15": 2.6168,
    "16": 1.7349,
    "17": 2.0275000000000003,
    "18": 2.0897,
    "19": 2.5885000000000002,
    "20": 2.9255,
    "21": 2.8016,
    "22": 2.7815000000000003,
    "23": 2.6856,
    "24": 2.1419,
    "25": 1.6167,
    "26": 2.6024000000000003,
    "27": 2.136,
    "28": 1.7297,
    "29": 1.8343,
    "30": 1.9766000000000001,
    "31": 2.186,
    "32": 2.8123,
    "33": 2.3403,
    "34": 1.7521,
    "35": 2.5825,
    "36": 1.8326,
    "37": 1.9977,
    "38": 2.0881000000000003,
    "39": 2.7131000000000003,
    "40": 2.1366,
    "41": 2.0441000000000003,
    "42": 1.8816000000000002,
    "43": 1.609,
    "44": 1.6728,
    "45": 2.3995,
    "46": 4.0758,
    "47": 2.9667000000000003,
    "48": 1.7779,
    "49": 2.6769000000000003,
    "50": 2.0682,
    "51": 1.7475,
    "52": 1.9085,
    "53": 1.7473,
    "54": 1.7678,
    "55": 2.2992,
    "56": 2.4178,
    "57": 2.4024,
    "58": 3.7028000000000003,
    "59": 2.4219,
    "60": 1.8956000000000002,
    "61": 1.5909,
    "62": 2.434,
    "63": 2.6895000000000002,
    "64": 1.7078,
    "65": 1.5923,
    "66": 2.6984,
    "67": 1.9043,
    "68": 2.1750000000000003,
    "69": 1.8273000000000001,
    "70": 1.7405000000000002,
    "71": 1.8686,
    "72": 2.7818,
    "73": 2.1310000000000002,
    "74": 2.6599,
    "75": 2.5694,
    "76": 1.8393000000000002,
    "77": 1.9200000000000002,
    "78": 1.8176,
    "79": 1.7692,
    "80": 2.7384,
    "81": 1.8820000000000001,
    "82": 1.8602,
    "83": 2.8826,
    "84": 1.7887000000000002,
    "85": 8.9646,
    "86": 2.1956,
    "87": 3.1829,
    "88": 1.7635,
    "89": 1.76,
    "90": 1.6300000000000001,
    "91": 1.9879,
    "92": 2.0436,
    "93": 1.7407000000000001,
    "94": 1.8138,
    "95": 1.6338000000000001,
    "96": 1.6834,
    "97": 1.9091,
    "98": 1.8048000000000002,
    "99": 1.6088
  }
}