{
  "SimpleCoroutine": {
    "0": 3.2556000000000003,
    "1": 2.7794000000000003,
    "2": 2.4922,
    "3": 1.9398000000000002,
    "4": 2.3212,
    "5": 2.3092,
    "6": 1.7100000000000002,
    "7": 1.8003,
    "8": 2.1346000000000003,
    "9": 1.6937,
    "10": 2.4239,
    "11": 1.7854,
    "12": 2.396,
    "13": 2.7036000000000002,
    "14": 2.6088,
    "15": 1.8766,
    "16": 2.2884,
    "17": 1.735,
    "18": 2.2292,
    "19": 3.4754,
    "20": 1.8278,
    "21": 2.8403,
    "22": 2.4773,
    "23": 2.532,
    "24": 2.1396,
    "25": 3.3358000000000003,
    "26": 2.8614,
    "27": 3.9011,
    "28": 3.0562,
    "29": 3.2457000000000003,
    "30": 2.3167,
    "31": 1.7501,
    "32": 1.9458000000000002,
    "33": 1.745,
    "34": 1.6595,
    "35": 1.9284000000000001,
    "36": 1.8602,
    "37": 2.4026,
    "38": 3.6961000000000004,
    "39": 3.1148000000000002,
    "40": 3.1767000000000003,
    "41": 2.4396,
    "42": 2.4087,
    "43": 1.8619,
    "44": 1.6101,
    "45": 2.1823,
    "46": 1.8424,
    "47": 2.4256,
    "48": 1.6949,
    "49": 1.7473,
    "50": 2.5381,
    "51": 2.4436,
    "52": 2.697,
    "53": 4.2272,
    "54": 3.053,
    "55": 3.0493,
    "56": 1.7292,
    "57": 2.041,
    "58": 1.7838,
    "59": 1.5632000000000001,
    "60": 1.6976,
    "61": 1.7156,
    "62": 2.3440000000000003,
    "63": 2.8403,
    "64": 3.6496,
    "65": 1.6889,
    "66": 1.7222000000000002,
    "67": 2.1278,
    "68": 1.5513000000000001,
    "69": 2.3583000000000003,
    "70": 2.9521,
    "71": 3.6378000000000004,
    "72": 2.9495,
    "73": 4.0697,
    "74": 2.6968,
    "75": 4.4277000000000006,
    "76": 2.523,
    "77": 3.6244,
    "78": 5.0647,
    "79": 4.043,
    "80": 13.297400000000001,
    "81": 3.2806,
    "82": 3.4789000000000003,
    "83": 2.8903000000000003,
    "84": 2.533,
    "85": 5.1904,
    "86": 8.9075,
    "87": 3.2953,
    "88": 2.8335000000000004,
    "89": 3.0479000000000003,
    "90": 3.0391000000000004,
    "91": 3.7907,
    "92": 4.2691,
    "93": 3.9618,
    "94": 3.5635000000000003,
    "95": 2.4873000000000003,
    "96": 2.5382000000000002,
    "97": 2.9352,
    "98": 3.402,
    "99": 2.7390000000000003
  }
}