{
  "SimpleCoroutine": {
    "0": 1.6333,
    "1": 1.7463000000000002,
    "2": 1.5347000000000002,
    "3": 1.4349,
    "4": 1.5139,
    "5": 1.9280000000000002,
    "6": 2.5519000000000003,
    "7": 1.9372,
    "8": 1.6775,
    "9": 1.5464,
    "10": 1.6346,
    "11": 2.1502,
    "12": 1.6213000000000002,
    "13": 1.6363,
    "14": 2.0798,
    "15": 1.5759,
    "16": 1.5579,
    "17": 1.7247000000000001,
    "18": 1.9492,
    "19": 1.5659,
    "20": 1.534,
    "21": 1.5305,
    "22": 1.4295,
    "23": 1.7258,
    "24": 1.7751000000000001,
    "25": 1.8475000000000001,
    "26": 1.475,
    "27": 1.5012,
    "28": 1.5530000000000002,
    "29": 1.9236000000000002,
    "30": 1.5695000000000001,
    "31": 1.5079,
    "32": 1.4445000000000001,
    "33": 1.5556,
    "34": 1.5331000000000001,
    "35": 1.5843,
    "36": 2.051,
    "37": 1.6091,
    "38": 1.5167000000000002,
    "39": 1.5282,
    "40": 1.5203,
    "41": 1.4728,
    "42": 1.4667000000000001,
    "43": 1.7607000000000002,
    "44": 1.8528,
    "45": 1.4362000000000001,
    "46": 1.5210000000000001,
    "47": 1.6722000000000001,
    "48": 2.5826000000000002,
    "49": 1.5813000000000001,
    "50": 1.5858,
    "51": 1.8615000000000002,
    "52": 1.486,
    "53": 1.4831,
    "54": 1.4838,
    "55": 1.6566,
    "56": 1.6159000000000001,
    "57": 1.5372000000000001,
    "58": 1.4083,
    "59": 1.5102,
    "60": 1.4037000000000002,
    "61": 1.3996000000000002,
    "62": 1.4244,
    "63": 1.7907000000000002,
    "64": 1.5627,
    "65": 1.453,
    "66": 1.5652000000000001,
    "67": 1.9274,
    "68": 1.5889,
    "69": 1.5234,
    "70": 1.8332000000000002,
    "71": 1.4803000000000002,
    "72": 1.3951,
    "73": 2.0691,
    "74": 2.4249,
    "75": 1.6334000000000002,
    "76": 1.4827000000000001,
    "77": 1.7232,
    "78": 1.4918,
    "79": 1.3981000000000001,
    "80": 1.4731,
    "81": 1.5965,
    "82": 1.5758,
    "83": 1.4871,
    "84": 1.3962,
    "85": 1.5309000000000001,
    "86": 1.9602000000000002,
    "87": 1.4025,
    "88": 1.4798,
    "89": 1.5813000000000001,
    "90": 1.499,
    "91": 1.4171,
    "92": 1.5112,
    "93": 1.7590000000000001,
    "94": 1.4882,
    "95": 1.3738000000000001,
    "96": 1.4415,
    "97": 1.7797,
    "98": 1.5158,
    "99": 1.5126000000000002
  }
}