{
  "SimpleAsync": {
    "0": 1.4515,
    "1": 1.5227000000000002,
    "2": 2.0005,
    "3": 1.5879,
    "4": 1.7732,
    "5": 2.0577,
    "6": 1.5965,
    "7": 1.5498,
    "8": 1.4968000000000001,
    "9": 1.6459000000000001,
    "10": 1.4703000000000002,
    "11": 1.423,
    "12": 1.5074,
    "13": 1.5726,
    "14": 1.5155,
    "15": 1.4555,
    "16": 1.5350000000000001,
    "17": 1.8842,
    "18": 1.4566000000000001,
    "19": 1.4285,
    "20": 1.4693,
    "21": 1.5094,
    "22": 1.5643,
    "23": 1.4545000000000001,
    "24": 1.6913,
    "25": 1.6684,
    "26": 1.4891,
    "27": 1.5285,
    "28": 1.5323,
    "29": 1.5959,
    "30": 1.3899000000000001,
    "31": 1.5374,
    "32": 1.5429000000000002,
    "33": 1.7570000000000001,
    "34": 1.5727,
    "35": 1.5111,
    "36": 1.6691,
    "37": 1.4135,
    "38": 1.6512,
    "39": 1.5974000000000002,
    "40": 1.9619000000000002,
    "41": 1.5857,
    "42": 1.5690000000000002,
    "43": 1.6209,
    "44": 2.0149,
    "45": 2.1447000000000003,
    "46": 1.6389,
    "47": 1.5395,
    "48": 1.4195,
    "49": 1.5028000000000001,
    "50": 1.5119,
    "51": 1.5030000000000001,
    "52": 1.5124,
    "53": 1.4925000000000002,
    "54": 1.4712,
    "55": 1.6026,
    "56": 1.5194,
    "57": 1.5011,
    "58": 1.4658,
    "59": 1.4816,
    "60": 1.5949,
    "61": 1.6154000000000002,
    "62": 1.4916,
    "63": 1.9631,
    "64": 1.6478000000000002,
    "65": 1.6949,
    "66": 1.6631,
    "67": 1.5069000000000001,
    "68": 1.4567,
    "69": 1.5470000000000002,
    "70": 1.4613,
    "71": 1.9931,
    "72": 1.5391000000000001,
    "73": 1.4504000000000001,
    "74": 1.6932,
    "75": 1.6787,
    "76": 1.4628,
    "77": 1.5227000000000002,
    "78": 1.6746,
    "79": 1.6547,
    "80": 1.4368,
    "81": 1.4088,
    "82": 1.484,
    "83": 1.5375,
    "84": 1.5168000000000001,
    "85": 2.0143,
    "86": 1.5735000000000001,
    "87": 1.5073,
    "88": 1.4688,
    "89": 1.5124,
    "90": 1.5128000000000001,
    "91": 1.5243,
    "92": 1.5775000000000001,
    "93": 1.7219,
    "94": 1.7596,
    "95": 1.6138000000000001,
    "96": 1.5628,
    "97": 1.9243000000000001,
    "98": 1.6388,
    "99": 1.5749
  }
}