{
  "SimpleAsync": {
    "0": 1.7456,
    "1": 1.6779000000000002,
    "2": 1.7393,
    "3": 1.6268,
    "4": 1.8795000000000002,
    "5": 1.8959000000000001,
    "6": 2.311,
    "7": 2.0677000000000003,
    "8": 2.0069,
    "9": 2.4945,
    "10": 1.8293000000000001,
    "11": 3.5845000000000002,
    "12": 2.2597,
    "13": 2.3014,
    "14": 2.1886,
    "15": 1.741,
    "16": 1.7427000000000001,
    "17": 2.0580000000000003,
    "18": 2.1531000000000002,
    "19": 2.1974,
    "20": 2.5407,
    "21": 1.8995000000000002,
    "22": 2.1836,
    "23": 2.0095,
    "24": 1.8001,
    "25": 2.169,
    "26": 1.6895,
    "27": 1.6839000000000002,
    "28": 2.1637,
    "29": 1.9617,
    "30": 3.0457,
    "31": 3.5503,
    "32": 2.15,
    "33": 2.2412,
    "34": 1.6911,
    "35": 1.6788,
    "36": 2.1204,
    "37": 5.0668000000000006,
    "38": 4.3916,
    "39": 1.8535000000000001,
    "40": 2.7429,
    "41": 2.1692,
    "42": 2.5899,
    "43": 2.1537,
    "44": 1.9075000000000002,
    "45": 2.786,
    "46": 2.5844,
    "47": 2.0376000000000003,
    "48": 2.577,
    "49": 2.5922,
    "50": 1.873,
    "51": 1.6320000000000001,
    "52": 1.7798,
    "53": 2.3507000000000002,
    "54": 2.3179000000000003,
    "55": 1.6718000000000002,
    "56": 1.7615,
    "57": 2.407,
    "58": 1.8864,
    "59": 2.2722,
    "60": 2.2009000000000003,
    "61": 1.836,
    "62": 1.9207,
    "63": 1.7356,
    "64": 2.2872,
    "65": 2.19,
    "66": 1.8984,
    "67": 2.1350000000000002,
    "68": 3.2640000000000002,
    "69": 1.8628,
    "70": 2.1915,
    "71": 11.4345,
    "72": 1.9906000000000001,
    "73": 1.7192,
    "74": 2.3998,
    "75": 1.9918,
    "76": 1.5261,
    "77": 1.5142,
    "78": 2.3752,
    "79": 1.722,
    "80": 1.5555,
    "81": 2.4631000000000003,
    "82": 1.6365,
    "83": 1.7141000000000002,
    "84": 1.7687000000000002,
    "85": 1.9688,
    "86": 1.5487,
    "87": 1.5862,
    "88": 2.2586,
    "89": 1.6116000000000001,
    "90": 2.2114000000000003,
    "91": 2.0213,
    "92": 1.7792000000000001,
    "93": 1.7281000000000002,
    "94": 2.1603,
    "95": 2.1074,
    "96": 1.5923,
    "97": 1.6699000000000002,
    "98": 1.7796,
    "99": 1.5916000000000001
  }
}