{
  "SimpleUniTask": {
    "0": 2.2927,
    "1": 1.6137000000000001,
    "2": 1.6786,
    "3": 2.2205,
    "4": 1.5635000000000001,
    "5": 1.4116,
    "6": 1.4463000000000001,
    "7": 1.6397000000000002,
    "8": 1.5392000000000001,
    "9": 1.4216,
    "10": 1.4891,
    "11": 1.4765000000000001,
    "12": 1.615,
    "13": 1.4131,
    "14": 1.4485000000000001,
    "15": 1.6346,
    "16": 1.6294000000000002,
    "17": 1.5478,
    "18": 1.6786,
    "19": 1.8697000000000001,
    "20": 1.5549000000000002,
    "21": 1.5330000000000001,
    "22": 1.4102000000000001,
    "23": 1.9854,
    "24": 1.4686000000000001,
    "25": 1.5637,
    "26": 1.8172000000000001,
    "27": 1.9842000000000002,
    "28": 1.4144,
    "29": 1.4902,
    "30": 1.6831,
    "31": 1.5521,
    "32": 1.459,
    "33": 1.8960000000000001,
    "34": 1.7844,
    "35": 1.5532000000000001,
    "36": 1.4786000000000001,
    "37": 1.534,
    "38": 1.5184,
    "39": 1.5634000000000001,
    "40": 1.4657,
    "41": 1.4099000000000002,
    "42": 1.5724,
    "43": 1.4116,
    "44": 1.6272,
    "45": 1.9026,
    "46": 1.589,
    "47": 1.4893,
    "48": 1.4954,
    "49": 1.5547,
    "50": 1.6655,
    "51": 1.5963,
    "52": 1.7496,
    "53": 1.6820000000000002,
    "54": 1.4114,
    "55": 1.4081000000000001,
    "56": 1.5467,
    "57": 1.5463,
    "58": 1.5661,
    "59": 1.5175,
    "60": 1.4524000000000001,
    "61": 1.5389000000000002,
    "62": 1.5597,
    "63": 1.5222,
    "64": 1.4717,
    "65": 1.6321,
    "66": 1.5132,
    "67": 1.5711000000000002,
    "68": 1.5016,
    "69": 1.5642,
    "70": 1.5428000000000002,
    "71": 1.5058,
    "72": 1.5913000000000002,
    "73": 1.5431000000000001,
    "74": 1.4285,
    "75": 1.4303000000000001,
    "76": 1.5066000000000002,
    "77": 1.5881,
    "78": 1.5289000000000001,
    "79": 1.479,
    "80": 1.4555,
    "81": 1.5154,
    "82": 1.4533,
    "83": 1.5366,
    "84": 1.576,
    "85": 1.584,
    "86": 1.4520000000000002,
    "87": 1.4446,
    "88": 1.5590000000000002,
    "89": 1.5757,
    "90": 1.9605000000000001,
    "91": 1.5259,
    "92": 1.475,
    "93": 1.4384000000000001,
    "94": 1.4064,
    "95": 1.4096,
    "96": 1.7344000000000002,
    "97": 2.1934,
    "98": 1.7161000000000002,
    "99": 1.4907000000000001
  }
}