{
  "SimpleCoroutine": {
    "0": 1.6495000000000002,
    "1": 1.7514,
    "2": 1.7813,
    "3": 1.6089,
    "4": 1.6283,
    "5": 1.5429000000000002,
    "6": 1.8626,
    "7": 1.5403,
    "8": 1.5144,
    "9": 1.4214,
    "10": 1.4852,
    "11": 1.5628,
    "12": 1.5143,
    "13": 1.4335,
    "14": 1.5525,
    "15": 1.6443,
    "16": 1.5777,
    "17": 1.4827000000000001,
    "18": 1.4604000000000001,
    "19": 1.5750000000000002,
    "20": 1.4769,
    "21": 1.3907,
    "22": 1.616,
    "23": 1.6655,
    "24": 1.5285,
    "25": 1.5675000000000001,
    "26": 1.8797000000000001,
    "27": 1.5052,
    "28": 1.4955,
    "29": 1.4583000000000002,
    "30": 1.5051,
    "31": 1.486,
    "32": 2.1333,
    "33": 1.5785,
    "34": 1.4877,
    "35": 1.4718,
    "36": 1.3559,
    "37": 1.4677,
    "38": 1.5407000000000002,
    "39": 1.4568,
    "40": 1.5114,
    "41": 1.4575,
    "42": 1.7987000000000002,
    "43": 1.4639,
    "44": 1.3638000000000001,
    "45": 1.5863,
    "46": 1.6074000000000002,
    "47": 1.5574000000000001,
    "48": 1.4646000000000001,
    "49": 1.9801000000000002,
    "50": 1.6089,
    "51": 1.6467,
    "52": 2.0177,
    "53": 2.0029,
    "54": 1.6023,
    "55": 1.5838,
    "56": 1.9179000000000002,
    "57": 1.5723,
    "58": 1.5609000000000002,
    "59": 1.6218000000000001,
    "60": 1.7492,
    "61": 1.7085000000000001,
    "62": 1.5330000000000001,
    "63": 1.5544,
    "64": 1.6744,
    "65": 1.5609000000000002,
    "66": 1.5248000000000002,
    "67": 1.6818000000000002,
    "68": 1.7016,
    "69": 1.5359,
    "70": 1.4946000000000002,
    "71": 2.4158,
    "72": 1.7140000000000002,
    "73": 1.5192,
    "74": 1.6107,
    "75": 1.5281,
    "76": 1.4591,
    "77": 1.4362000000000001,
    "78": 1.5197,
    "79": 1.5747,
    "80": 1.5566,
    "81": 1.586,
    "82": 1.6544,
    "83": 1.5618,
    "84": 1.3758000000000001,
    "85": 1.475,
    "86": 1.9677,
    "87": 1.6662000000000001,
    "88": 1.611,
    "89": 1.5708,
    "90": 1.8837000000000002,
    "91": 1.7663,
    "92": 1.5481,
    "93": 1.9455,
    "94": 1.5754000000000001,
    "95": 1.5936000000000001,
    "96": 1.4683000000000002,
    "97": 1.5063,
    "98": 1.5692000000000002,
    "99": 1.4477
  }
}