{
  "SimpleAsync": {
    "0": 1.8319,
    "1": 1.5770000000000002,
    "2": 1.5443,
    "3": 1.7076,
    "4": 1.5661,
    "5": 1.4242000000000001,
    "6": 1.5941,
    "7": 3.6625,
    "8": 1.7067,
    "9": 1.7065000000000001,
    "10": 1.5646,
    "11": 1.5683,
    "12": 1.5318,
    "13": 1.6329,
    "14": 1.6234000000000002,
    "15": 1.4663000000000002,
    "16": 1.5351000000000001,
    "17": 2.4545,
    "18": 1.7288000000000001,
    "19": 1.4661000000000002,
    "20": 1.7708000000000002,
    "21": 1.6372,
    "22": 1.6762000000000001,
    "23": 1.7741,
    "24": 1.9002000000000001,
    "25": 2.4688000000000003,
    "26": 1.9258000000000002,
    "27": 1.6146,
    "28": 1.6179000000000001,
    "29": 1.7349,
    "30": 2.5066,
    "31": 2.577,
    "32": 3.8432000000000004,
    "33": 2.3767,
    "34": 2.3018,
    "35": 2.0749,
    "36": 2.0169,
    "37": 2.6199000000000003,
    "38": 1.6783000000000001,
    "39": 2.0682,
    "40": 2.1465,
    "41": 1.6345,
    "42": 1.4931,
    "43": 1.5796000000000001,
    "44": 1.8097,
    "45": 1.5451000000000001,
    "46": 1.3919000000000001,
    "47": 2.0351,
    "48": 2.3586,
    "49": 1.6743000000000001,
    "50": 1.6883000000000001,
    "51": 1.8769,
    "52": 1.9680000000000002,
    "53": 1.5618,
    "54": 1.8284,
    "55": 1.5872000000000002,
    "56": 2.8153,
    "57": 1.8903,
    "58": 1.4928000000000001,
    "59": 1.6774,
    "60": 2.2731,
    "61": 2.1603,
    "62": 2.7618,
    "63": 3.2230000000000003,
    "64": 4.1536,
    "65": 2.5865,
    "66": 1.6957,
    "67": 2.3043,
    "68": 1.8086,
    "69": 1.6288,
    "70": 2.4332000000000003,
    "71": 2.3661000000000003,
    "72": 2.1706000000000003,
    "73": 1.7091,
    "74": 1.4829,
    "75": 1.9074,
    "76": 1.6195000000000002,
    "77": 1.615,
    "78": 12.423200000000001,
    "79": 2.3561,
    "80": 3.6162,
    "81": 1.9849,
    "82": 2.379,
    "83": 1.7515,
    "84": 1.6976,
    "85": 2.4856000000000003,
    "86": 4.4141,
    "87": 2.4094,
    "88": 1.7017,
    "89": 2.4794,
    "90": 1.7732,
    "91": 1.6125,
    "92": 1.7254,
    "93": 2.087,
    "94": 1.9415,
    "95": 1.7789000000000001,
    "96": 1.8048000000000002,
    "97": 2.1818,
    "98": 1.5534000000000001,
    "99": 1.5088000000000001
  }
}