{
  "SimpleUniTask": {
    "0": 1.9434,
    "1": 1.8419,
    "2": 2.1108000000000002,
    "3": 2.0946000000000002,
    "4": 2.0434,
    "5": 1.7236,
    "6": 1.9542000000000002,
    "7": 2.5947,
    "8": 1.8508,
    "9": 2.2381,
    "10": 2.3364000000000003,
    "11": 1.9827000000000001,
    "12": 1.9782000000000002,
    "13": 1.9136000000000002,
    "14": 1.6615,
    "15": 2.9588,
    "16": 1.8984,
    "17": 1.7830000000000001,
    "18": 2.6992000000000003,
    "19": 1.8041,
    "20": 1.8585,
    "21": 2.2389,
    "22": 2.0651,
    "23": 2.9466,
    "24": 3.6006,
    "25": 1.9872,
    "26": 2.2954000000000003,
    "27": 2.4709000000000003,
    "28": 3.1494,
    "29": 1.8211000000000002,
    "30": 1.8617000000000001,
    "31": 2.6661,
    "32": 2.2077,
    "33": 2.3734,
    "34": 2.0133,
    "35": 1.5522,
    "36": 2.1693000000000002,
    "37": 2.2310000000000003,
    "38": 1.7563000000000002,
    "39": 1.5764,
    "40": 1.7206000000000001,
    "41": 1.6554,
    "42": 1.6974,
    "43": 2.7771000000000003,
    "44": 2.1318,
    "45": 2.5278,
    "46": 2.8932,
    "47": 1.939,
    "48": 1.9104,
    "49": 1.8181,
    "50": 1.6671,
    "51": 1.8386,
    "52": 2.1484,
    "53": 1.9786000000000001,
    "54": 1.8853000000000002,
    "55": 2.1995,
    "56": 1.8933,
    "57": 1.8936000000000002,
    "58": 1.9874,
    "59": 1.7923,
    "60": 1.8311000000000002,
    "61": 2.4308,
    "62": 1.8266,
    "63": 2.0284,
    "64": 2.1213,
    "65": 1.8267,
    "66": 2.2906,
    "67": 2.7502,
    "68": 1.7844,
    "69": 1.7530000000000001,
    "70": 1.8121,
    "71": 2.1485000000000003,
    "72": 2.1227,
    "73": 2.0045,
    "74": 1.7882,
    "75": 1.941,
    "76": 2.6156,
    "77": 2.3523,
    "78": 2.2454,
    "79": 1.8498,
    "80": 1.6079,
    "81": 2.1425,
    "82": 1.9166,
    "83": 2.4629000000000003,
    "84": 2.9514,
    "85": 1.8326,
    "86": 2.2201,
    "87": 3.5365,
    "88": 1.7818,
    "89": 2.8147,
    "90": 2.6628000000000003,
    "91": 1.8199,
    "92": 1.8387,
    "93": 2.8718000000000004,
    "94": 2.3885,
    "95": 1.8147,
    "96": 1.6466,
    "97": 1.9397000000000002,
    "98": 1.8922,
    "99": 1.6749
  }
}